,,No.,z,z_err
Lens,0,1,0.16419,2.9999999999999997e-05
Source,0,1,0.324,0.001
Source,1,2,0.324,0.001
