,,No.,z,z_err
Lens,0,1,0.29388000000000003,5.9999999999999995e-05
Source,0,1,0.525,0.001
